{
    "loss": 3.2018532752990723,
    "accuracy": 0.7246376872062683
}