{
    "loss": 3.5195090770721436,
    "accuracy": 0.5990338325500488
}